gameId,teamId,teamCity,teamName,teamTricode,teamSlug,personId,firstName,familyName,nameI,playerSlug,position,comment,jerseyNum,minutes,points,contestedShots,contestedShots2pt,contestedShots3pt,deflections,chargesDrawn,screenAssists,screenAssistPoints,looseBallsRecoveredOffensive,looseBallsRecoveredDefensive,looseBallsRecoveredTotal,offensiveBoxOuts,defensiveBoxOuts,boxOutPlayerTeamRebounds,boxOutPlayerRebounds,boxOuts,GAME_ID
0022401196,1610612760,Oklahoma City,Thunder,OKC,thunder,1641794,Dillon,Jones,D. Jones,dillon-jones,F,,3,36:08,13,1,1,0,5,0,0,0,1,1,2,0,1,1,0,1,0022401196
0022401196,1610612760,Oklahoma City,Thunder,OKC,thunder,1629026,Kenrich,Williams,K. Williams,kenrich-williams,F,,34,37:06,17,4,4,0,5,0,0,0,1,0,1,0,0,0,0,0,0022401196
0022401196,1610612760,Oklahoma City,Thunder,OKC,thunder,1631119,Jaylin,Williams,J. Williams,jaylin-williams,C,,6,2:16,0,4,3,1,0,0,0,0,0,0,0,0,0,0,0,0,0022401196
0022401196,1610612760,Oklahoma City,Thunder,OKC,thunder,1630198,Isaiah,Joe,I. Joe,isaiah-joe,G,,11,34:48,17,3,0,3,1,0,1,2,0,1,1,0,0,0,0,0,0022401196
0022401196,1610612760,Oklahoma City,Thunder,OKC,thunder,1630598,Aaron,Wiggins,A. Wiggins,aaron-wiggins,G,,21,36:30,28,3,0,3,2,1,0,0,1,0,1,0,2,2,0,2,0022401196
0022401196,1610612760,Oklahoma City,Thunder,OKC,thunder,1642382,Branden,Carlson,B. Carlson,branden-carlson,,,15,38:33,26,12,9,3,1,0,5,11,2,0,2,0,4,4,0,4,0022401196
0022401196,1610612760,Oklahoma City,Thunder,OKC,thunder,1641745,Adam,Flagler,A. Flagler,adam-flagler,,,14,21:55,2,1,0,1,1,0,0,0,0,0,0,0,1,1,0,1,0022401196
0022401196,1610612760,Oklahoma City,Thunder,OKC,thunder,1642505,Alex,Ducas,A. Ducas,alex-ducas,,,88,14:53,5,2,1,1,0,0,0,0,0,0,0,0,1,1,0,1,0022401196
0022401196,1610612760,Oklahoma City,Thunder,OKC,thunder,1642349,Ajay,Mitchell,A. Mitchell,ajay-mitchell,,,25,17:50,7,2,2,0,2,0,0,0,0,0,0,0,0,0,0,0,0022401196
0022401196,1610612740,New Orleans,Pelicans,NOP,pelicans,1641810,Antonio,Reeves,A. Reeves,antonio-reeves,F,,12,39:10,20,4,3,1,2,0,0,0,0,0,0,0,0,0,0,0,0022401196
0022401196,1610612740,New Orleans,Pelicans,NOP,pelicans,1631232,Keion,Brooks Jr.,K. Brooks Jr.,keion-brooks-jr,F,,,39:23,15,4,3,1,3,0,0,0,1,0,1,0,0,0,0,0,0022401196
0022401196,1610612740,New Orleans,Pelicans,NOP,pelicans,1630526,Jeremiah,Robinson-Earl,J. Robinson-Earl,jeremiah-robinson-earl,C,,50,33:16,10,7,6,1,2,0,3,6,1,1,2,1,1,2,1,2,0022401196
0022401196,1610612740,New Orleans,Pelicans,NOP,pelicans,203901,Elfrid,Payton,E. Payton,elfrid-payton,G,,4,17:31,3,2,1,1,1,0,0,0,0,0,0,0,0,0,0,0,0022401196
0022401196,1610612740,New Orleans,Pelicans,NOP,pelicans,1630631,Jose,Alvarado,J. Alvarado,jose-alvarado,G,,15,33:37,14,1,0,1,5,0,0,0,1,0,1,0,1,1,0,1,0022401196
0022401196,1610612740,New Orleans,Pelicans,NOP,pelicans,1631288,Jamal,Cain,J. Cain,jamal-cain,,,8,28:01,18,4,1,3,7,0,0,0,0,0,0,0,0,0,0,0,0022401196
0022401196,1610612740,New Orleans,Pelicans,NOP,pelicans,1630283,Kylor,Kelley,K. Kelley,kylor-kelley,,,35,15:27,3,9,4,5,0,0,1,2,0,0,0,0,1,1,1,1,0022401196
0022401196,1610612740,New Orleans,Pelicans,NOP,pelicans,1631311,Lester,Quinones,L. Quinones,lester-quinones,,,22,33:35,17,2,1,1,1,0,0,0,1,0,1,0,2,2,1,2,0022401196
0022401222,1610612755,Philadelphia,76ers,PHI,sixers,202331,Paul,George,P. George,paul-george,F,,8,39:47,33,12,4,8,5,1,0,0,0,2,2,0,2,2,1,2,0022401222
0022401222,1610612755,Philadelphia,76ers,PHI,sixers,1630231,KJ,Martin,K. Martin,kj-martin,F,,1,21:22,2,4,2,2,0,0,1,3,0,1,1,0,1,1,1,1,0022401222
0022401222,1610612755,Philadelphia,76ers,PHI,sixers,203083,Andre,Drummond,A. Drummond,andre-drummond,C,,1,28:14,9,7,4,3,3,0,6,14,1,1,2,1,3,4,4,4,0022401222
0022401222,1610612755,Philadelphia,76ers,PHI,sixers,1626162,Kelly,Oubre Jr.,K. Oubre Jr.,kelly-oubre-jr,G,,9,39:46,19,2,1,1,10,0,1,3,2,1,3,0,0,0,0,0,0022401222
0022401222,1610612755,Philadelphia,76ers,PHI,sixers,1630178,Tyrese,Maxey,T. Maxey,tyrese-maxey,G,,0,39:57,40,0,0,0,5,0,0,0,0,1,1,0,2,2,0,2,0022401222
0022401222,1610612755,Philadelphia,76ers,PHI,sixers,200768,Kyle,Lowry,K. Lowry,kyle-lowry,,,7,17:49,3,1,1,0,3,0,1,2,0,0,0,0,0,0,0,0,0022401222
0022401222,1610612755,Philadelphia,76ers,PHI,sixers,1627824,Guerschon,Yabusele,G. Yabusele,guerschon-yabusele,,,28,18:20,0,3,2,1,1,0,2,6,0,0,0,1,1,2,1,2,0022401222
0022401222,1610612755,Philadelphia,76ers,PHI,sixers,1641741,Ricky,Council IV,R. Council IV,ricky-council-iv,,,14,8:36,6,0,0,0,1,0,0,0,1,0,1,0,0,0,0,0,0022401222
0022401222,1610612755,Philadelphia,76ers,PHI,sixers,201569,Eric,Gordon,E. Gordon,eric-gordon,,,23,26:09,9,2,2,0,3,0,0,0,0,0,0,0,1,1,0,1,0022401222
0022401222,1610612766,Charlotte,Hornets,CHA,hornets,1630182,Josh,Green,J. Green,josh-green,F,,10,29:49,10,4,4,0,3,0,1,2,1,0,1,0,0,0,0,0,0022401222
0022401222,1610612766,Charlotte,Hornets,CHA,hornets,1628970,Miles,Bridges,M. Bridges,miles-bridges,F,,0,28:14,24,2,0,2,1,1,0,0,0,0,0,0,2,2,0,2,0022401222
0022401222,1610612766,Charlotte,Hornets,CHA,hornets,1631109,Mark,Williams,M. Williams,mark-williams,C,,5,17:04,7,5,4,1,0,0,0,0,1,0,1,0,0,0,0,0,0022401222
0022401222,1610612766,Charlotte,Hornets,CHA,hornets,1641706,Brandon,Miller,B. Miller,brandon-miller,G,,24,31:12,12,5,2,3,0,0,2,5,0,1,1,0,1,1,1,1,0022401222
0022401222,1610612766,Charlotte,Hornets,CHA,hornets,1630163,LaMelo,Ball,L. Ball,lamelo-ball,G,,1,25:50,15,1,1,0,7,0,0,0,0,2,2,0,0,0,0,0,0022401222
0022401222,1610612766,Charlotte,Hornets,CHA,hornets,203995,Vasilije,Micić,V. Micić,vasilije-micić,,,22,16:07,0,1,0,1,1,0,0,0,0,1,1,0,0,0,0,0,0022401222
0022401222,1610612766,Charlotte,Hornets,CHA,hornets,1630208,Nick,Richards,N. Richards,nick-richards,,,4,15:14,19,3,2,1,1,1,1,2,0,0,0,0,1,1,1,1,0022401222
0022401222,1610612766,Charlotte,Hornets,CHA,hornets,1628998,Cody,Martin,C. Martin,cody-martin,,,11,28:59,10,4,2,2,2,0,0,0,0,2,2,0,1,1,1,1,0022401222
0022401222,1610612766,Charlotte,Hornets,CHA,hornets,1642275,Tidjane,Salaün,T. Salaün,tidjane-salaün,,,31,18:16,0,3,2,1,2,0,0,0,0,0,0,0,0,0,0,0,0022401222
0022401222,1610612766,Charlotte,Hornets,CHA,hornets,1631217,Moussa,Diabaté,M. Diabaté,moussa-diabaté,,,14,15:42,4,6,1,5,2,0,2,5,2,0,2,0,0,0,0,0,0022401222
0022401222,1610612766,Charlotte,Hornets,CHA,hornets,1631209,Isaiah,Wong,I. Wong,isaiah-wong,,,21,13:33,7,6,3,3,3,0,0,0,2,0,2,0,0,0,0,0,0022401222
0022400010,1610612755,Philadelphia,76ers,PHI,sixers,202331,Paul,George,P. George,paul-george,F,,8,35:35,13,4,2,2,4,0,1,2,1,0,1,0,1,1,1,1,0022400010
0022400010,1610612755,Philadelphia,76ers,PHI,sixers,1628997,Caleb,Martin,C. Martin,caleb-martin,F,,16,33:26,3,3,1,2,1,0,1,3,2,0,2,0,0,0,0,0,0022400010
0022400010,1610612755,Philadelphia,76ers,PHI,sixers,203954,Joel,Embiid,J. Embiid,joel-embiid,C,,21,32:44,20,8,6,2,1,0,2,5,2,0,2,0,2,2,1,2,0022400010
0022400010,1610612755,Philadelphia,76ers,PHI,sixers,1642272,Jared,McCain,J. McCain,jared-mccain,G,,20,31:21,29,3,2,1,2,0,0,0,2,0,2,0,1,1,0,1,0022400010
0022400010,1610612755,Philadelphia,76ers,PHI,sixers,200768,Kyle,Lowry,K. Lowry,kyle-lowry,G,,7,28:28,4,0,0,0,3,0,0,0,0,1,1,0,1,1,0,1,0022400010
0022400010,1610612755,Philadelphia,76ers,PHI,sixers,1626162,Kelly,Oubre Jr.,K. Oubre Jr.,kelly-oubre-jr,,,9,25:32,5,1,1,0,3,0,0,0,0,1,1,0,0,0,0,0,0022400010
0022400010,1610612755,Philadelphia,76ers,PHI,sixers,1627824,Guerschon,Yabusele,G. Yabusele,guerschon-yabusele,,,28,24:25,4,3,1,2,0,0,1,3,0,0,0,0,2,2,0,2,0022400010
0022400010,1610612755,Philadelphia,76ers,PHI,sixers,201569,Eric,Gordon,E. Gordon,eric-gordon,,,23,15:53,2,2,1,1,1,0,2,5,0,0,0,0,1,1,0,1,0022400010
0022400010,1610612755,Philadelphia,76ers,PHI,sixers,203083,Andre,Drummond,A. Drummond,andre-drummond,,,1,3:49,2,0,0,0,0,0,0,0,2,0,2,0,2,2,2,2,0022400010
0022400010,1610612755,Philadelphia,76ers,PHI,sixers,1641737,Adem,Bona,A. Bona,adem-bona,,,30,1:13,0,0,0,0,0,0,0,0,0,0,0,0,0,0,0,0,0022400010
0022400010,1610612753,Orlando,Magic,ORL,magic,1641783,Tristan,da Silva,T. da Silva,tristan-da-silva,F,,23,18:24,6,3,2,1,1,0,0,0,0,0,0,0,1,0,0,1,0022400010
0022400010,1610612753,Orlando,Magic,ORL,magic,1630532,Franz,Wagner,F. Wagner,franz-wagner,F,,22,40:43,31,6,3,3,3,0,0,0,0,1,1,0,1,0,0,1,0022400010
0022400010,1610612753,Orlando,Magic,ORL,magic,1629048,Goga,Bitadze,G. Bitadze,goga-bitadze,C,,35,26:54,2,7,4,3,5,0,2,4,0,0,0,0,0,0,0,0,0022400010
0022400010,1610612753,Orlando,Magic,ORL,magic,203484,Kentavious,Caldwell-Pope,K. Caldwell-Pope,kentavious-caldwell-pope,G,,3,33:25,8,3,2,1,3,0,1,2,0,1,1,0,0,0,0,0,0022400010
0022400010,1610612753,Orlando,Magic,ORL,magic,1630591,Jalen,Suggs,J. Suggs,jalen-suggs,G,,4,34:29,19,2,2,0,5,1,1,3,0,0,0,0,1,1,0,1,0022400010
0022400010,1610612753,Orlando,Magic,ORL,magic,1641710,Anthony,Black,A. Black,anthony-black,,,0,19:40,4,5,3,2,2,0,1,2,0,0,0,0,0,0,0,0,0022400010
0022400010,1610612753,Orlando,Magic,ORL,magic,1628371,Jonathan,Isaac,J. Isaac,jonathan-isaac,,,1,24:54,11,6,5,1,4,0,0,0,0,0,0,0,2,2,0,2,0022400010
0022400010,1610612753,Orlando,Magic,ORL,magic,203914,Gary,Harris,G. Harris,gary-harris,,,14,13:40,0,0,0,0,2,0,1,2,1,0,1,0,0,0,0,0,0022400010
0022400010,1610612753,Orlando,Magic,ORL,magic,1629021,Moritz,Wagner,M. Wagner,moritz-wagner,,,21,19:53,14,1,0,1,2,0,2,5,0,0,0,0,1,1,0,1,0022400010
0022400010,1610612753,Orlando,Magic,ORL,magic,1631216,Caleb,Houstan,C. Houstan,caleb-houstan,,,2,1:13,0,0,0,0,0,0,0,0,0,0,0,0,1,1,1,1,0022400010
0022400010,1610612753,Orlando,Magic,ORL,magic,1641724,Jett,Howard,J. Howard,jett-howard,,,13,1:13,3,1,1,0,1,0,0,0,0,0,0,0,0,0,0,0,0022400010
0022400627,1610612764,Washington,Wizards,WAS,wizards,1642267,Bub,Carrington,B. Carrington,bub-carrington,F,,8,22:35,6,2,1,1,1,0,0,0,1,0,1,0,0,0,0,0,0022400627
0022400627,1610612764,Washington,Wizards,WAS,wizards,1641774,Tristan,Vukcevic,T. Vukcevic,tristan-vukcevic,F,,00,20:58,17,5,2,3,1,0,1,2,1,0,1,0,3,3,1,3,0022400627
0022400627,1610612764,Washington,Wizards,WAS,wizards,1642259,Alex,Sarr,A. Sarr,alex-sarr,C,,20,23:12,22,8,5,3,3,0,1,2,0,1,1,0,0,0,0,0,0022400627
0022400627,1610612764,Washington,Wizards,WAS,wizards,1642358,AJ,Johnson,A. Johnson,aj-johnson,G,,5,28:25,12,1,1,0,2,0,0,0,1,0,1,0,0,0,0,0,0022400627
0022400627,1610612764,Washington,Wizards,WAS,wizards,1629673,Jordan,Poole,J. Poole,jordan-poole,G,,13,19:35,2,1,1,0,0,0,2,4,0,0,0,0,0,0,0,0,0022400627
0022400627,1610612764,Washington,Wizards,WAS,wizards,1630550,JT,Thor,J. Thor,jt-thor,,,21,30:25,8,2,1,1,4,0,0,0,0,0,0,0,1,1,0,1,0022400627
0022400627,1610612764,Washington,Wizards,WAS,wizards,1641798,Jaylen,Martin,J. Martin,jaylen-martin,,,4,31:21,11,7,5,2,1,0,0,0,0,0,0,0,0,0,0,0,0022400627
0022400627,1610612764,Washington,Wizards,WAS,wizards,1641732,Colby,Jones,C. Jones,colby-jones,,,1,26:18,24,2,1,1,4,0,0,0,0,0,0,0,1,1,0,1,0022400627
0022400627,1610612764,Washington,Wizards,WAS,wizards,1630264,Anthony,Gill,A. Gill,anthony-gill,,,16,23:32,10,5,4,1,1,0,0,0,1,0,1,0,2,2,0,2,0022400627
0022400627,1610612764,Washington,Wizards,WAS,wizards,203935,Marcus,Smart,M. Smart,marcus-smart,,,36,13:39,0,2,1,1,1,0,0,0,0,0,0,0,0,0,0,0,0022400627
0022400627,1610612762,Utah,Jazz,UTA,jazz,1642262,Cody,Williams,C. Williams,cody-williams,F,,5,28:16,2,2,2,0,1,0,0,0,0,0,0,0,0,0,0,0,0022400627
0022400627,1610612762,Utah,Jazz,UTA,jazz,1642271,Kyle,Filipowski,K. Filipowski,kyle-filipowski,F,,22,21:26,21,5,1,4,0,0,2,4,0,0,0,0,1,1,0,1,0022400627
0022400627,1610612762,Utah,Jazz,UTA,jazz,1631117,Walker,Kessler,W. Kessler,walker-kessler,C,,24,15:15,7,8,6,2,1,0,1,2,0,0,0,0,0,0,0,0,0022400627
0022400627,1610612762,Utah,Jazz,UTA,jazz,1629012,Collin,Sexton,C. Sexton,collin-sexton,G,,2,19:01,18,1,0,1,1,0,0,0,0,0,0,0,0,0,0,0,0022400627
0022400627,1610612762,Utah,Jazz,UTA,jazz,1642268,Isaiah,Collier,I. Collier,isaiah-collier,G,,13,27:44,16,1,0,1,3,0,2,6,0,1,1,0,0,0,0,0,0022400627
0022400627,1610612762,Utah,Jazz,UTA,jazz,1631131,Oscar,Tshiebwe,O. Tshiebwe,oscar-tshiebwe,,,34,18:29,4,2,0,2,0,0,8,19,0,0,0,0,1,1,0,1,0022400627
0022400627,1610612762,Utah,Jazz,UTA,jazz,1630695,Micah,Potter,M. Potter,micah-potter,,,25,15:25,0,5,2,3,3,0,0,0,0,0,0,0,0,0,0,0,0022400627
0022400627,1610612762,Utah,Jazz,UTA,jazz,1641718,Keyonte,George,K. George,keyonte-george,,,3,29:09,20,1,0,1,1,0,1,2,0,0,0,0,0,0,0,0,0022400627
0022400627,1610612762,Utah,Jazz,UTA,jazz,203903,Jordan,Clarkson,J. Clarkson,jordan-clarkson,,,00,20:16,14,0,0,0,2,0,1,3,0,0,0,0,1,1,1,1,0022400627
0022400627,1610612762,Utah,Jazz,UTA,jazz,1641729,Brice,Sensabaugh,B. Sensabaugh,brice-sensabaugh,,,28,22:42,17,2,1,1,1,0,0,0,0,0,0,0,0,0,0,0,0022400627
0022400627,1610612762,Utah,Jazz,UTA,jazz,1630548,Johnny,Juzang,J. Juzang,johnny-juzang,,,33,22:17,9,1,1,0,0,0,0,0,0,0,0,0,0,0,0,0,0022400627
0022401198,1610612746,LA,Clippers,LAC,clippers,1626181,Norman,Powell,N. Powell,norman-powell,F,,24,43:52,11,2,2,0,1,0,1,2,0,0,0,0,0,0,0,0,0022401198
0022401198,1610612746,LA,Clippers,LAC,clippers,202695,Kawhi,Leonard,K. Leonard,kawhi-leonard,F,,2,47:25,33,2,1,1,6,0,0,0,0,2,2,0,1,1,1,1,0022401198
0022401198,1610612746,LA,Clippers,LAC,clippers,1627826,Ivica,Zubac,I. Zubac,ivica-zubac,C,,40,42:15,22,8,6,2,1,0,1,2,0,1,1,1,1,2,2,2,0022401198
0022401198,1610612746,LA,Clippers,LAC,clippers,1627739,Kris,Dunn,K. Dunn,kris-dunn,G,,8,35:22,11,2,0,2,4,0,2,4,0,0,0,0,0,0,0,0,0022401198
0022401198,1610612746,LA,Clippers,LAC,clippers,201935,James,Harden,J. Harden,james-harden,G,,1,48:24,39,2,1,1,1,0,0,0,2,1,3,0,1,1,0,1,0022401198
0022401198,1610612746,LA,Clippers,LAC,clippers,1627884,Derrick,Jones Jr.,D. Jones Jr.,derrick-jones-jr,,,55,17:44,3,1,1,0,0,0,1,3,0,0,0,0,3,3,2,3,0022401198
0022401198,1610612746,LA,Clippers,LAC,clippers,203992,Bogdan,Bogdanović,B. Bogdanović,bogdan-bogdanović,,,10,15:33,5,3,1,2,2,0,0,0,0,0,0,0,0,0,0,0,0022401198
0022401198,1610612746,LA,Clippers,LAC,clippers,1627732,Ben,Simmons,B. Simmons,ben-simmons,,,25,10:37,0,0,0,0,0,0,0,0,1,0,1,0,0,0,0,0,0022401198
0022401198,1610612744,Golden State,Warriors,GSW,warriors,1630541,Moses,Moody,M. Moody,moses-moody,F,,4,30:30,4,4,1,3,8,0,0,0,0,1,1,0,0,0,0,0,0022401198
0022401198,1610612744,Golden State,Warriors,GSW,warriors,202710,Jimmy,Butler III,J. Butler III,jimmy-butler-iii,F,,10,48:02,30,6,2,4,2,0,1,3,0,0,0,0,0,0,0,0,0022401198
0022401198,1610612744,Golden State,Warriors,GSW,warriors,203110,Draymond,Green,D. Green,draymond-green,C,,23,38:29,14,11,9,2,3,0,5,13,0,1,1,0,0,0,0,0,0022401198
0022401198,1610612744,Golden State,Warriors,GSW,warriors,1641764,Brandin,Podziemski,B. Podziemski,brandin-podziemski,G,,2,43:04,19,2,2,0,5,0,0,0,0,0,0,0,0,0,0,0,0022401198
0022401198,1610612744,Golden State,Warriors,GSW,warriors,201939,Stephen,Curry,S. Curry,stephen-curry,G,,30,37:60,36,0,0,0,3,0,2,5,0,0,0,0,1,1,0,1,0022401198
0022401198,1610612744,Golden State,Warriors,GSW,warriors,1627741,Buddy,Hield,B. Hield,buddy-hield,,,7,15:45,8,1,1,0,0,0,0,0,0,0,0,0,0,0,0,0,0022401198
0022401198,1610612744,Golden State,Warriors,GSW,warriors,1626172,Kevon,Looney,K. Looney,kevon-looney,,,5,16:11,6,7,7,0,1,0,2,5,0,0,0,0,0,0,0,0,0022401198
0022401198,1610612744,Golden State,Warriors,GSW,warriors,1627780,Gary,Payton II,G. Payton II,gary-payton-ii,,,0,24:45,2,2,0,2,2,0,3,8,0,1,1,0,1,1,1,1,0022401198
0022401198,1610612744,Golden State,Warriors,GSW,warriors,1642366,Quinten,Post,Q. Post,quinten-post,,,21,10:14,0,3,2,1,1,0,0,0,0,0,0,0,0,0,0,0,0022401198
0022400300,1610612737,Atlanta,Hawks,ATL,hawks,1642258,Zaccharie,Risacher,Z. Risacher,zaccharie-risacher,F,,10,25:04,14,7,3,4,2,0,1,3,0,0,0,0,1,1,0,1,0022400300
0022400300,1610612737,Atlanta,Hawks,ATL,hawks,1630552,Jalen,Johnson,J. Johnson,jalen-johnson,F,,1,38:24,20,6,3,3,1,0,1,2,0,0,0,0,0,0,0,0,0022400300
0022400300,1610612737,Atlanta,Hawks,ATL,hawks,203991,Clint,Capela,C. Capela,clint-capela,C,,15,19:57,4,7,7,0,4,1,1,2,1,0,1,0,6,6,5,6,0022400300
0022400300,1610612737,Atlanta,Hawks,ATL,hawks,1630700,Dyson,Daniels,D. Daniels,dyson-daniels,G,,5,30:45,8,7,4,3,7,0,1,3,0,1,1,0,1,1,0,1,0022400300
0022400300,1610612737,Atlanta,Hawks,ATL,hawks,1629027,Trae,Young,T. Young,trae-young,G,,11,30:48,14,4,0,4,3,0,1,2,0,1,1,0,0,0,0,0,0022400300
0022400300,1610612737,Atlanta,Hawks,ATL,hawks,1629726,Garrison,Mathews,G. Mathews,garrison-mathews,,,24,13:00,4,4,1,3,1,0,0,0,0,0,0,0,0,0,0,0,0022400300
0022400300,1610612737,Atlanta,Hawks,ATL,hawks,1630168,Onyeka,Okongwu,O. Okongwu,onyeka-okongwu,,,17,28:03,16,11,6,5,0,0,5,11,0,0,0,0,2,2,1,2,0022400300
0022400300,1610612737,Atlanta,Hawks,ATL,hawks,1629631,De'Andre,Hunter,D. Hunter,deandre-hunter,,,12,24:36,18,4,1,3,1,0,0,0,0,0,0,0,1,1,0,1,0022400300
0022400300,1610612737,Atlanta,Hawks,ATL,hawks,1641723,Kobe,Bufkin,K. Bufkin,kobe-bufkin,,,4,17:12,9,2,0,2,2,0,0,0,0,0,0,0,0,0,0,0,0022400300
0022400300,1610612737,Atlanta,Hawks,ATL,hawks,1630249,Vít,Krejčí,V. Krejčí,vít-krejčí,,,27,12:11,0,1,1,0,0,0,0,0,0,0,0,0,0,0,0,0,0022400300
0022400300,1610612766,Charlotte,Hornets,CHA,hornets,1630182,Josh,Green,J. Green,josh-green,F,,10,35:41,17,2,0,2,4,0,0,0,0,0,0,0,0,0,0,0,0022400300
0022400300,1610612766,Charlotte,Hornets,CHA,hornets,1642275,Tidjane,Salaün,T. Salaün,tidjane-salaün,F,,31,22:01,0,3,0,3,2,0,0,0,0,0,0,0,0,0,0,0,0022400300
0022400300,1610612766,Charlotte,Hornets,CHA,hornets,1631217,Moussa,Diabaté,M. Diabaté,moussa-diabaté,C,,14,22:25,3,4,4,0,3,0,5,13,0,0,0,1,2,3,1,3,0022400300
0022400300,1610612766,Charlotte,Hornets,CHA,hornets,1641706,Brandon,Miller,B. Miller,brandon-miller,G,,24,38:46,32,5,2,3,2,0,2,6,1,0,1,0,0,0,0,0,0022400300
0022400300,1610612766,Charlotte,Hornets,CHA,hornets,203995,Vasilije,Micić,V. Micić,vasilije-micić,G,,22,34:06,15,0,0,0,2,0,1,3,1,0,1,0,1,1,0,1,0022400300
0022400300,1610612766,Charlotte,Hornets,CHA,hornets,1642354,KJ,Simpson,K. Simpson,kj-simpson,,,25,14:01,8,2,1,1,0,0,0,0,0,0,0,0,0,0,0,0,0022400300
0022400300,1610612766,Charlotte,Hornets,CHA,hornets,1628998,Cody,Martin,C. Martin,cody-martin,,,11,25:32,12,4,0,4,1,0,1,3,0,0,0,0,1,1,1,1,0022400300
0022400300,1610612766,Charlotte,Hornets,CHA,hornets,1630208,Nick,Richards,N. Richards,nick-richards,,,4,25:28,12,11,9,2,1,0,5,14,0,0,0,0,1,1,1,1,0022400300
0022400300,1610612766,Charlotte,Hornets,CHA,hornets,1641733,Nick,Smith Jr.,N. Smith Jr.,nick-smith-jr,,,8,16:48,5,1,0,1,1,0,0,0,0,0,0,0,0,0,0,0,0022400300
0022400632,1610612740,New Orleans,Pelicans,NOP,pelicans,1630530,Trey,Murphy III,T. Murphy III,trey-murphy-iii,F,,25,32:41,22,8,4,4,1,0,0,0,0,0,0,0,0,0,0,0,0022400632
0022400632,1610612740,New Orleans,Pelicans,NOP,pelicans,1630526,Jeremiah,Robinson-Earl,J. Robinson-Earl,jeremiah-robinson-earl,F,,50,19:36,5,3,2,1,2,0,2,4,0,0,0,0,0,0,0,0,0022400632
0022400632,1610612740,New Orleans,Pelicans,NOP,pelicans,1642274,Yves,Missi,Y. Missi,yves-missi,C,,21,29:35,10,6,6,0,1,0,6,14,0,0,0,1,1,2,1,2,0022400632
0022400632,1610612740,New Orleans,Pelicans,NOP,pelicans,203468,CJ,McCollum,C. McCollum,cj-mccollum,G,,3,33:58,22,4,1,3,0,0,1,2,0,0,0,0,0,0,0,0,0022400632
0022400632,1610612740,New Orleans,Pelicans,NOP,pelicans,1627749,Dejounte,Murray,D. Murray,dejounte-murray,G,,5,31:11,26,2,0,2,1,0,0,0,0,0,0,0,0,0,0,0,0022400632
0022400632,1610612740,New Orleans,Pelicans,NOP,pelicans,1629750,Javonte,Green,J. Green,javonte-green,,,4,22:08,8,3,0,3,3,0,1,2,1,0,1,0,0,0,0,0,0022400632
0022400632,1610612740,New Orleans,Pelicans,NOP,pelicans,1641722,Jordan,Hawkins,J. Hawkins,jordan-hawkins,,,24,31:36,20,6,3,3,2,0,0,0,0,0,0,0,1,1,1,1,0022400632
0022400632,1610612740,New Orleans,Pelicans,NOP,pelicans,1628464,Daniel,Theis,D. Theis,daniel-theis,,,10,15:46,4,4,1,3,1,0,2,4,0,2,2,0,0,0,0,0,0022400632
0022400632,1610612740,New Orleans,Pelicans,NOP,pelicans,1630631,Jose,Alvarado,J. Alvarado,jose-alvarado,,,15,18:11,9,0,0,0,3,0,0,0,0,1,1,0,0,0,0,0,0022400632
0022400632,1610612740,New Orleans,Pelicans,NOP,pelicans,1631255,Karlo,Matković,K. Matković,karlo-matković,,,17,2:39,0,2,2,0,0,0,0,0,0,0,0,0,0,0,0,0,0022400632
0022400632,1610612763,Memphis,Grizzlies,MEM,grizzlies,1642377,Jaylen,Wells,J. Wells,jaylen-wells,F,,0,29:38,8,2,2,0,0,0,0,0,0,1,1,0,0,0,0,0,0022400632
0022400632,1610612763,Memphis,Grizzlies,MEM,grizzlies,1628991,Jaren,Jackson Jr.,J. Jackson Jr.,jaren-jackson-jr,F,,13,32:25,29,8,4,4,1,0,2,5,0,1,1,0,1,1,0,1,0022400632
0022400632,1610612763,Memphis,Grizzlies,MEM,grizzlies,1641744,Zach,Edey,Z. Edey,zach-edey,C,,14,23:38,13,3,3,0,0,0,3,7,1,0,1,1,5,6,5,6,0022400632
0022400632,1610612763,Memphis,Grizzlies,MEM,grizzlies,1630217,Desmond,Bane,D. Bane,desmond-bane,G,,22,33:55,20,7,4,3,1,0,0,0,0,0,0,0,1,1,0,1,0022400632
0022400632,1610612763,Memphis,Grizzlies,MEM,grizzlies,1628379,Luke,Kennard,L. Kennard,luke-kennard,G,,10,26:38,27,1,1,0,1,0,0,0,1,0,1,0,0,0,0,0,0022400632
0022400632,1610612763,Memphis,Grizzlies,MEM,grizzlies,1641713,GG,Jackson,G. Jackson,gg-jackson,,,45,22:01,10,2,1,1,1,0,0,0,0,0,0,0,0,0,0,0,0022400632
0022400632,1610612763,Memphis,Grizzlies,MEM,grizzlies,1630590,Scotty,Pippen Jr.,S. Pippen Jr.,scotty-pippen-jr,,,1,25:12,13,2,1,1,2,0,0,0,0,0,0,0,0,0,0,0,0022400632
0022400632,1610612763,Memphis,Grizzlies,MEM,grizzlies,1629634,Brandon,Clarke,B. Clarke,brandon-clarke,,,15,21:17,14,8,5,3,2,0,0,0,0,1,1,0,3,3,1,3,0022400632
0022400632,1610612763,Memphis,Grizzlies,MEM,grizzlies,1629723,John,Konchar,J. Konchar,john-konchar,,,46,22:11,5,4,2,2,2,0,0,0,0,0,0,0,0,0,0,0,0022400632
0022400632,1610612763,Memphis,Grizzlies,MEM,grizzlies,1630643,Jay,Huff,J. Huff,jay-huff,,,30,3:05,0,2,2,0,0,0,0,0,0,0,0,0,0,0,0,0,0022400632
0022401017,1610612766,Charlotte,Hornets,CHA,hornets,1629610,DaQuan,Jeffries,D. Jeffries,daquan-jeffries,F,,3,23:30,11,5,3,2,1,0,0,0,0,0,0,0,0,0,0,0,0022401017
0022401017,1610612766,Charlotte,Hornets,CHA,hornets,1628970,Miles,Bridges,M. Bridges,miles-bridges,F,,0,25:47,20,4,4,0,1,0,2,5,0,0,0,0,1,1,0,1,0022401017
0022401017,1610612766,Charlotte,Hornets,CHA,hornets,203994,Jusuf,Nurkić,J. Nurkić,jusuf-nurkić,C,,11,23:59,6,8,4,4,4,0,3,8,2,1,3,0,0,0,0,0,0022401017
0022401017,1610612766,Charlotte,Hornets,CHA,hornets,1630182,Josh,Green,J. Green,josh-green,G,,10,24:44,12,6,5,1,2,0,0,0,0,1,1,0,0,0,0,0,0022401017
0022401017,1610612766,Charlotte,Hornets,CHA,hornets,1642354,KJ,Simpson,K. Simpson,kj-simpson,G,,25,32:44,10,3,2,1,6,0,0,0,0,0,0,0,0,0,0,0,0022401017
0022401017,1610612766,Charlotte,Hornets,CHA,hornets,1631111,Wendell,Moore Jr.,W. Moore Jr.,wendell-moore-jr,,,9,27:00,6,3,3,0,4,0,0,0,0,0,0,0,1,0,0,1,0022401017
0022401017,1610612766,Charlotte,Hornets,CHA,hornets,1631217,Moussa,Diabaté,M. Diabaté,moussa-diabaté,,,14,21:55,12,3,1,2,2,0,3,7,2,0,2,1,0,1,1,1,0022401017
0022401017,1610612766,Charlotte,Hornets,CHA,hornets,1641733,Nick,Smith Jr.,N. Smith Jr.,nick-smith-jr,,,8,26:27,14,1,0,1,0,0,0,0,0,0,0,0,1,1,0,1,0022401017
0022401017,1610612766,Charlotte,Hornets,CHA,hornets,203552,Seth,Curry,S. Curry,seth-curry,,,30,22:01,11,2,0,2,1,0,1,3,0,0,0,0,0,0,0,0,0022401017
0022401017,1610612766,Charlotte,Hornets,CHA,hornets,201959,Taj,Gibson,T. Gibson,taj-gibson,,,67,11:53,4,2,0,2,2,0,2,5,0,0,0,1,0,1,0,1,0022401017
0022401017,1610612760,Oklahoma City,Thunder,OKC,thunder,1630598,Aaron,Wiggins,A. Wiggins,aaron-wiggins,F,,21,26:45,11,3,1,2,5,0,1,3,0,0,0,0,1,1,0,1,0022401017
0022401017,1610612760,Oklahoma City,Thunder,OKC,thunder,1631096,Chet,Holmgren,C. Holmgren,chet-holmgren,F,,7,27:38,14,10,8,2,1,0,0,0,1,0,1,0,1,1,0,1,0022401017
0022401017,1610612760,Oklahoma City,Thunder,OKC,thunder,1628392,Isaiah,Hartenstein,I. Hartenstein,isaiah-hartenstein,C,,55,24:42,12,8,5,3,2,0,5,12,0,0,0,1,0,1,1,1,0022401017
0022401017,1610612760,Oklahoma City,Thunder,OKC,thunder,1641717,Cason,Wallace,C. Wallace,cason-wallace,G,,22,26:00,11,3,1,2,5,0,1,2,0,1,1,0,0,0,0,0,0022401017
0022401017,1610612760,Oklahoma City,Thunder,OKC,thunder,1628983,Shai,Gilgeous-Alexander,S. Gilgeous-Alexander,shai-gilgeous-alexander,G,,2,29:36,30,5,2,3,0,0,0,0,1,0,1,0,0,0,0,0,0022401017
0022401017,1610612760,Oklahoma City,Thunder,OKC,thunder,1631119,Jaylin,Williams,J. Williams,jaylin-williams,,,6,23:18,14,3,1,2,1,0,3,6,0,0,0,0,2,2,2,2,0022401017
0022401017,1610612760,Oklahoma City,Thunder,OKC,thunder,1629026,Kenrich,Williams,K. Williams,kenrich-williams,,,34,17:28,11,3,2,1,1,0,1,2,0,0,0,0,0,0,0,0,0022401017
0022401017,1610612760,Oklahoma City,Thunder,OKC,thunder,1627936,Alex,Caruso,A. Caruso,alex-caruso,,,9,14:51,9,4,2,2,3,0,0,0,0,1,1,0,1,1,1,1,0022401017
0022401017,1610612760,Oklahoma City,Thunder,OKC,thunder,1630198,Isaiah,Joe,I. Joe,isaiah-joe,,,11,20:37,14,3,2,1,0,0,2,4,0,1,1,0,0,0,0,0,0022401017
0022401017,1610612760,Oklahoma City,Thunder,OKC,thunder,1641794,Dillon,Jones,D. Jones,dillon-jones,,,3,8:50,4,1,1,0,2,0,0,0,0,0,0,0,0,0,0,0,0022401017
0022401017,1610612760,Oklahoma City,Thunder,OKC,thunder,1642382,Branden,Carlson,B. Carlson,branden-carlson,,,15,6:45,3,2,2,0,0,0,0,0,0,0,0,0,1,1,0,1,0022401017
0022401017,1610612760,Oklahoma City,Thunder,OKC,thunder,1642505,Alex,Ducas,A. Ducas,alex-ducas,,,88,6:11,3,0,0,0,1,0,0,0,0,1,1,0,0,0,0,0,0022401017
0022400388,1610612745,Houston,Rockets,HOU,rockets,1628415,Dillon,Brooks,D. Brooks,dillon-brooks,F,,9,36:60,27,7,2,5,5,0,1,2,0,0,0,0,1,1,1,1,0022400388
0022400388,1610612745,Houston,Rockets,HOU,rockets,1631095,Jabari,Smith Jr.,J. Smith Jr.,jabari-smith-jr,F,,10,37:03,15,12,7,5,4,0,0,0,1,0,1,0,1,1,0,1,0022400388
0022400388,1610612745,Houston,Rockets,HOU,rockets,1630578,Alperen,Sengun,A. Sengun,alperen-sengun,C,,28,32:39,17,14,5,9,4,0,0,0,0,0,0,0,1,1,0,1,0022400388
0022400388,1610612745,Houston,Rockets,HOU,rockets,1630224,Jalen,Green,J. Green,jalen-green,G,,4,33:35,22,1,1,0,1,0,0,0,0,1,1,0,0,0,0,0,0022400388
0022400388,1610612745,Houston,Rockets,HOU,rockets,1627832,Fred,VanVleet,F. VanVleet,fred-vanvleet,G,,5,37:30,2,1,0,1,6,0,0,0,2,1,3,0,1,1,0,1,0022400388
0022400388,1610612745,Houston,Rockets,HOU,rockets,1629111,Jock,Landale,J. Landale,jock-landale,,,2,3:22,0,1,0,1,0,0,1,3,0,0,0,0,0,0,0,0,0022400388
0022400388,1610612745,Houston,Rockets,HOU,rockets,1641708,Amen,Thompson,A. Thompson,amen-thompson,,,1,23:07,10,4,2,2,5,0,0,0,0,0,0,1,0,1,1,1,0022400388
0022400388,1610612745,Houston,Rockets,HOU,rockets,1641715,Cam,Whitmore,C. Whitmore,cam-whitmore,,,7,14:20,11,3,1,2,2,0,0,0,0,0,0,0,0,0,0,0,0022400388
0022400388,1610612745,Houston,Rockets,HOU,rockets,1642263,Reed,Sheppard,R. Sheppard,reed-sheppard,,,15,6:12,3,0,0,0,0,0,0,0,0,1,1,0,1,1,1,1,0022400388
0022400388,1610612745,Houston,Rockets,HOU,rockets,1630256,Jae'Sean,Tate,J. Tate,jaesean-tate,,,8,15:12,7,4,2,2,5,0,0,0,1,0,1,0,0,0,0,0,0022400388
0022400388,1610612761,Toronto,Raptors,TOR,raptors,1642266,Ja'Kobe,Walter,J. Walter,jakobe-walter,F,,14,27:52,27,6,4,2,2,0,0,0,0,0,0,0,0,0,0,0,0022400388
0022400388,1610612761,Toronto,Raptors,TOR,raptors,1630534,Ochai,Agbaji,O. Agbaji,ochai-agbaji,F,,30,32:07,15,6,2,4,3,0,0,0,0,0,0,0,0,0,0,0,0022400388
0022400388,1610612761,Toronto,Raptors,TOR,raptors,1642367,Jonathan,Mogbo,J. Mogbo,jonathan-mogbo,C,,2,16:09,3,3,2,1,2,0,0,0,1,0,1,0,0,0,0,0,0022400388
0022400388,1610612761,Toronto,Raptors,TOR,raptors,1641711,Gradey,Dick,G. Dick,gradey-dick,G,,1,31:20,14,1,1,0,1,1,0,0,0,1,1,0,0,0,0,0,0022400388
0022400388,1610612761,Toronto,Raptors,TOR,raptors,1630567,Scottie,Barnes,S. Barnes,scottie-barnes,G,,4,38:53,6,3,1,2,3,0,1,3,2,0,2,0,4,4,2,4,0022400388
0022400388,1610612761,Toronto,Raptors,TOR,raptors,203482,Kelly,Olynyk,K. Olynyk,kelly-olynyk,,,41,24:56,8,8,6,2,7,0,2,5,1,0,1,1,1,2,2,2,0022400388
0022400388,1610612761,Toronto,Raptors,TOR,raptors,1628449,Chris,Boucher,C. Boucher,chris-boucher,,,25,19:12,15,3,2,1,1,0,0,0,0,0,0,0,0,0,0,0,0022400388
0022400388,1610612761,Toronto,Raptors,TOR,raptors,1642347,Jamal,Shead,J. Shead,jamal-shead,,,23,32:56,11,3,1,2,3,0,0,0,1,2,3,0,0,0,0,0,0022400388
0022400388,1610612761,Toronto,Raptors,TOR,raptors,1642419,Jamison,Battle,J. Battle,jamison-battle,,,77,16:35,11,5,4,1,0,0,0,0,1,0,1,0,0,0,0,0,0022400388
0022400463,1610612754,Indiana,Pacers,IND,pacers,1631097,Bennedict,Mathurin,B. Mathurin,bennedict-mathurin,F,,00,29:38,12,3,0,3,0,0,0,0,1,0,1,0,0,0,0,0,0022400463
0022400463,1610612754,Indiana,Pacers,IND,pacers,1627783,Pascal,Siakam,P. Siakam,pascal-siakam,F,,43,31:54,18,6,2,4,0,0,1,2,1,0,1,0,2,2,2,2,0022400463
0022400463,1610612754,Indiana,Pacers,IND,pacers,1626167,Myles,Turner,M. Turner,myles-turner,C,,33,34:38,21,10,9,1,1,0,6,14,1,2,3,0,0,0,0,0,0022400463
0022400463,1610612754,Indiana,Pacers,IND,pacers,1629614,Andrew,Nembhard,A. Nembhard,andrew-nembhard,G,,2,29:07,6,4,1,3,3,1,0,0,0,1,1,0,0,0,0,0,0022400463
0022400463,1610612754,Indiana,Pacers,IND,pacers,1630169,Tyrese,Haliburton,T. Haliburton,tyrese-haliburton,G,,0,34:40,33,6,3,3,1,0,0,0,0,0,0,0,0,0,0,0,0022400463
0022400463,1610612754,Indiana,Pacers,IND,pacers,1630167,Obi,Toppin,O. Toppin,obi-toppin,,,1,20:19,12,1,0,1,0,0,3,7,0,0,0,0,0,0,0,0,0022400463
0022400463,1610612754,Indiana,Pacers,IND,pacers,1628418,Thomas,Bryant,T. Bryant,thomas-bryant,,,3,7:07,3,0,0,0,1,0,2,4,0,0,0,0,0,0,0,0,0022400463
0022400463,1610612754,Indiana,Pacers,IND,pacers,204456,T.J.,McConnell,T. McConnell,tj-mcconnell,,,9,18:53,8,1,0,1,2,0,0,0,0,1,1,0,0,0,0,0,0022400463
0022400463,1610612754,Indiana,Pacers,IND,pacers,1641767,Ben,Sheppard,B. Sheppard,ben-sheppard,,,26,19:53,3,2,1,1,2,0,0,0,1,2,3,0,0,0,0,0,0022400463
0022400463,1610612754,Indiana,Pacers,IND,pacers,1641716,Jarace,Walker,J. Walker,jarace-walker,,,5,13:20,12,1,0,1,1,0,0,0,0,0,0,0,0,0,0,0,0022400463
0022400463,1610612748,Miami,Heat,MIA,heat,202710,Jimmy,Butler III,J. Butler III,jimmy-butler-iii,F,,22,26:31,9,1,1,0,3,0,2,4,0,0,0,0,1,1,0,1,0022400463
0022400463,1610612748,Miami,Heat,MIA,heat,1629312,Haywood,Highsmith,H. Highsmith,haywood-highsmith,F,,24,18:05,6,1,0,1,0,0,0,0,0,0,0,0,1,0,0,1,0022400463
0022400463,1610612748,Miami,Heat,MIA,heat,1628389,Bam,Adebayo,B. Adebayo,bam-adebayo,C,,13,25:09,20,2,1,1,3,0,2,4,1,0,1,0,1,1,1,1,0022400463
0022400463,1610612748,Miami,Heat,MIA,heat,1629130,Duncan,Robinson,D. Robinson,duncan-robinson,G,,55,18:09,6,3,2,1,0,0,0,0,0,0,0,0,0,0,0,0,0022400463
0022400463,1610612748,Miami,Heat,MIA,heat,1629639,Tyler,Herro,T. Herro,tyler-herro,G,,14,35:45,17,0,0,0,0,0,0,0,0,0,0,0,1,1,1,1,0022400463
0022400463,1610612748,Miami,Heat,MIA,heat,1626179,Terry,Rozier,T. Rozier,terry-rozier,,,2,29:40,16,2,1,1,1,0,0,0,0,0,0,0,0,0,0,0,0022400463
0022400463,1610612748,Miami,Heat,MIA,heat,1642276,Kel'el,Ware,K. Ware,kelel-ware,,,7,21:27,25,5,5,0,1,0,1,2,0,0,0,0,0,0,0,0,0022400463
0022400463,1610612748,Miami,Heat,MIA,heat,1631107,Nikola,Jović,N. Jović,nikola-jović,,,5,25:06,8,4,3,1,3,0,0,0,0,1,1,0,0,0,0,0,0022400463
0022400463,1610612748,Miami,Heat,MIA,heat,1631170,Jaime,Jaquez Jr.,J. Jaquez Jr.,jaime-jaquez-jr,,,11,15:14,0,1,1,0,3,0,2,4,0,0,0,0,0,0,0,0,0022400463
0022400463,1610612748,Miami,Heat,MIA,heat,202692,Alec,Burks,A. Burks,alec-burks,,,18,8:50,3,1,1,0,0,0,0,0,0,0,0,0,0,0,0,0,0022400463
0022400463,1610612748,Miami,Heat,MIA,heat,1642352,Keshad,Johnson,K. Johnson,keshad-johnson,,,16,12:00,5,4,4,0,0,0,1,2,0,0,0,0,1,1,0,1,0022400463
0022401001,1610612740,New Orleans,Pelicans,NOP,pelicans,1629627,Zion,Williamson,Z. Williamson,zion-williamson,F,,1,30:16,29,4,1,3,5,0,0,0,1,1,2,0,0,0,0,0,0022401001
0022401001,1610612740,New Orleans,Pelicans,NOP,pelicans,203482,Kelly,Olynyk,K. Olynyk,kelly-olynyk,F,,13,29:53,13,4,2,2,1,0,0,0,0,0,0,0,0,0,0,0,0022401001
0022401001,1610612740,New Orleans,Pelicans,NOP,pelicans,1642274,Yves,Missi,Y. Missi,yves-missi,C,,21,26:05,13,7,5,2,0,0,4,9,1,0,1,0,0,0,0,0,0022401001
0022401001,1610612740,New Orleans,Pelicans,NOP,pelicans,203468,CJ,McCollum,C. McCollum,cj-mccollum,G,,3,32:27,18,1,0,1,0,0,0,0,0,0,0,0,0,0,0,0,0022401001
0022401001,1610612740,New Orleans,Pelicans,NOP,pelicans,1630631,Jose,Alvarado,J. Alvarado,jose-alvarado,G,,15,25:42,8,0,0,0,0,0,0,0,0,1,1,0,1,1,0,1,0022401001
0022401001,1610612740,New Orleans,Pelicans,NOP,pelicans,1628971,Bruce,Brown,B. Brown,bruce-brown,,,00,31:06,15,2,0,2,2,0,0,0,1,0,1,0,0,0,0,0,0022401001
0022401001,1610612740,New Orleans,Pelicans,NOP,pelicans,1631255,Karlo,Matković,K. Matković,karlo-matković,,,17,19:15,5,4,3,1,0,0,4,10,0,0,0,0,1,1,0,1,0022401001
0022401001,1610612740,New Orleans,Pelicans,NOP,pelicans,1641722,Jordan,Hawkins,J. Hawkins,jordan-hawkins,,,24,22:51,13,4,4,0,2,0,0,0,0,0,0,0,0,0,0,0,0022401001
0022401001,1610612740,New Orleans,Pelicans,NOP,pelicans,1630526,Jeremiah,Robinson-Earl,J. Robinson-Earl,jeremiah-robinson-earl,,,50,22:25,5,2,0,2,0,0,0,0,0,0,0,0,1,1,1,1,0022401001
0022401001,1610612750,Minnesota,Timberwolves,MIN,timberwolves,1630183,Jaden,McDaniels,J. McDaniels,jaden-mcdaniels,F,,3,24:09,5,8,6,2,3,0,0,0,0,0,0,0,1,1,0,1,0022401001
0022401001,1610612750,Minnesota,Timberwolves,MIN,timberwolves,203944,Julius,Randle,J. Randle,julius-randle,F,,30,27:33,17,5,4,1,1,0,4,12,0,0,0,0,0,0,0,0,0022401001
0022401001,1610612750,Minnesota,Timberwolves,MIN,timberwolves,203497,Rudy,Gobert,R. Gobert,rudy-gobert,C,,27,31:08,10,8,7,1,2,0,3,8,0,0,0,1,2,3,1,3,0022401001
0022401001,1610612750,Minnesota,Timberwolves,MIN,timberwolves,1630162,Anthony,Edwards,A. Edwards,anthony-edwards,G,,5,37:43,29,2,1,1,5,0,0,0,0,0,0,0,0,0,0,0,0022401001
0022401001,1610612750,Minnesota,Timberwolves,MIN,timberwolves,201144,Mike,Conley,M. Conley,mike-conley,G,,10,28:20,16,2,2,0,4,0,0,0,0,0,0,0,0,0,0,0,0022401001
0022401001,1610612750,Minnesota,Timberwolves,MIN,timberwolves,1629675,Naz,Reid,N. Reid,naz-reid,,,11,33:34,9,9,8,1,4,0,2,5,0,1,1,0,2,2,0,2,0022401001
0022401001,1610612750,Minnesota,Timberwolves,MIN,timberwolves,1628978,Donte,DiVincenzo,D. DiVincenzo,donte-divincenzo,,,0,23:34,11,1,1,0,3,0,1,3,0,1,1,0,1,1,0,1,0022401001
0022401001,1610612750,Minnesota,Timberwolves,MIN,timberwolves,1629638,Nickeil,Alexander-Walker,N. Alexander-Walker,nickeil-alexander-walker,,,9,21:09,9,1,0,1,3,0,0,0,0,0,0,0,0,0,0,0,0022401001
0022401001,1610612750,Minnesota,Timberwolves,MIN,timberwolves,1641740,Jaylen,Clark,J. Clark,jaylen-clark,,,22,11:46,9,0,0,0,3,0,0,0,0,0,0,0,0,0,0,0,0022401001
0022400979,1610612753,Orlando,Magic,ORL,magic,1630532,Franz,Wagner,F. Wagner,franz-wagner,F,,22,35:47,22,7,3,4,0,0,0,0,1,1,2,0,0,0,0,0,0022400979
0022400979,1610612753,Orlando,Magic,ORL,magic,1631094,Paolo,Banchero,P. Banchero,paolo-banchero,F,,5,38:05,24,12,4,8,1,0,0,0,0,1,1,0,1,1,1,1,0022400979
0022400979,1610612753,Orlando,Magic,ORL,magic,1628976,Wendell,Carter Jr.,W. Carter Jr.,wendell-carter-jr,C,,34,35:08,16,11,10,1,0,0,2,5,0,0,0,0,4,4,1,4,0022400979
0022400979,1610612753,Orlando,Magic,ORL,magic,203484,Kentavious,Caldwell-Pope,K. Caldwell-Pope,kentavious-caldwell-pope,G,,3,30:16,15,3,2,1,2,0,2,4,0,0,0,0,1,1,1,1,0022400979
0022400979,1610612753,Orlando,Magic,ORL,magic,202709,Cory,Joseph,C. Joseph,cory-joseph,G,,10,24:30,3,2,1,1,4,0,1,2,0,1,1,0,0,0,0,0,0022400979
0022400979,1610612753,Orlando,Magic,ORL,magic,1631216,Caleb,Houstan,C. Houstan,caleb-houstan,,,2,6:58,2,1,1,0,0,0,0,0,0,0,0,0,0,0,0,0,0022400979
0022400979,1610612753,Orlando,Magic,ORL,magic,1641710,Anthony,Black,A. Black,anthony-black,,,0,22:20,17,5,3,2,3,0,1,2,0,0,0,0,0,0,0,0,0022400979
0022400979,1610612753,Orlando,Magic,ORL,magic,1628371,Jonathan,Isaac,J. Isaac,jonathan-isaac,,,1,6:39,2,1,1,0,1,0,1,2,0,0,0,0,0,0,0,0,0022400979
0022400979,1610612753,Orlando,Magic,ORL,magic,1641783,Tristan,da Silva,T. da Silva,tristan-da-silva,,,23,8:01,0,3,2,1,0,0,0,0,0,0,0,0,0,0,0,0,0022400979
0022400979,1610612753,Orlando,Magic,ORL,magic,203914,Gary,Harris,G. Harris,gary-harris,,,14,20:03,2,2,0,2,7,0,2,6,0,0,0,0,2,2,1,2,0022400979
0022400979,1610612753,Orlando,Magic,ORL,magic,1629048,Goga,Bitadze,G. Bitadze,goga-bitadze,,,35,6:13,3,2,1,1,0,0,1,3,0,0,0,0,2,2,0,2,0022400979
0022400979,1610612739,Cleveland,Cavaliers,CLE,cavaliers,1629622,Max,Strus,M. Strus,max-strus,F,,1,27:13,10,3,1,2,0,0,1,2,0,0,0,0,0,0,0,0,0022400979
0022400979,1610612739,Cleveland,Cavaliers,CLE,cavaliers,1629631,De'Andre,Hunter,D. Hunter,deandre-hunter,F,,12,29:11,9,8,5,3,2,0,0,0,0,0,0,0,1,1,1,1,0022400979
0022400979,1610612739,Cleveland,Cavaliers,CLE,cavaliers,1628386,Jarrett,Allen,J. Allen,jarrett-allen,C,,31,32:20,20,16,12,4,0,0,7,16,0,0,0,1,0,1,0,1,0022400979
0022400979,1610612739,Cleveland,Cavaliers,CLE,cavaliers,1628378,Donovan,Mitchell,D. Mitchell,donovan-mitchell,G,,45,34:13,23,2,1,1,0,0,0,0,1,0,1,0,0,0,0,0,0022400979
0022400979,1610612739,Cleveland,Cavaliers,CLE,cavaliers,1629636,Darius,Garland,D. Garland,darius-garland,G,,10,33:05,19,4,2,2,0,0,2,4,0,0,0,0,0,0,0,0,0022400979
0022400979,1610612739,Cleveland,Cavaliers,CLE,cavaliers,1629660,Ty,Jerome,T. Jerome,ty-jerome,,,2,24:41,12,4,3,1,2,0,0,0,0,0,0,0,0,0,0,0,0022400979
0022400979,1610612739,Cleveland,Cavaliers,CLE,cavaliers,1629731,Dean,Wade,D. Wade,dean-wade,,,32,21:55,3,5,2,3,3,0,1,2,0,0,0,0,1,1,1,1,0022400979
0022400979,1610612739,Cleveland,Cavaliers,CLE,cavaliers,1630241,Sam,Merrill,S. Merrill,sam-merrill,,,5,18:49,5,1,0,1,0,0,0,0,0,0,0,0,0,0,0,0,0022400979
0022400979,1610612739,Cleveland,Cavaliers,CLE,cavaliers,202684,Tristan,Thompson,T. Thompson,tristan-thompson,,,13,10:41,0,3,2,1,0,0,3,7,0,0,0,0,1,1,0,1,0022400979
0022400401,1610612757,Portland,Trail Blazers,POR,blazers,203924,Jerami,Grant,J. Grant,jerami-grant,F,,9,20:01,3,6,3,3,0,0,0,0,0,0,0,0,1,1,0,1,0022400401
0022400401,1610612757,Portland,Trail Blazers,POR,blazers,1641739,Toumani,Camara,T. Camara,toumani-camara,F,,33,29:43,5,4,3,1,1,0,0,0,2,0,2,1,2,3,1,3,0022400401
0022400401,1610612757,Portland,Trail Blazers,POR,blazers,1629028,Deandre,Ayton,D. Ayton,deandre-ayton,C,,2,25:43,16,3,1,2,2,0,6,15,0,0,0,1,4,5,2,5,0022400401
0022400401,1610612757,Portland,Trail Blazers,POR,blazers,1631101,Shaedon,Sharpe,S. Sharpe,shaedon-sharpe,G,,17,24:13,13,4,1,3,4,0,0,0,0,0,0,0,0,0,0,0,0022400401
0022400401,1610612757,Portland,Trail Blazers,POR,blazers,1629014,Anfernee,Simons,A. Simons,anfernee-simons,G,,1,28:53,10,3,2,1,0,0,0,0,0,1,1,0,1,1,0,1,0022400401
0022400401,1610612757,Portland,Trail Blazers,POR,blazers,1630703,Scoot,Henderson,S. Henderson,scoot-henderson,,,00,26:04,14,3,1,2,3,0,0,0,0,0,0,0,1,1,0,1,0022400401
0022400401,1610612757,Portland,Trail Blazers,POR,blazers,1630166,Deni,Avdija,D. Avdija,deni-avdija,,,8,22:57,19,4,2,2,1,0,1,2,0,0,0,0,0,0,0,0,0022400401
0022400401,1610612757,Portland,Trail Blazers,POR,blazers,1642270,Donovan,Clingan,D. Clingan,donovan-clingan,,,23,15:18,4,3,3,0,0,0,2,4,0,0,0,2,1,3,1,3,0022400401
0022400401,1610612757,Portland,Trail Blazers,POR,blazers,1630625,Dalano,Banton,D. Banton,dalano-banton,,,5,12:48,3,0,0,0,1,0,0,0,0,0,0,0,0,0,0,0,0022400401
0022400401,1610612757,Portland,Trail Blazers,POR,blazers,1631200,Kris,Murray,K. Murray,kris-murray,,,24,18:24,2,1,0,1,1,1,0,0,1,0,1,0,2,2,1,2,0022400401
0022400401,1610612757,Portland,Trail Blazers,POR,blazers,1631133,Jabari,Walker,J. Walker,jabari-walker,,,34,7:58,13,1,0,1,0,0,0,0,0,0,0,0,0,0,0,0,0022400401
0022400401,1610612742,Dallas,Mavericks,DAL,mavericks,202691,Klay,Thompson,K. Thompson,klay-thompson,F,,31,18:17,13,1,1,0,2,0,1,2,0,0,0,0,1,1,0,1,0022400401
0022400401,1610612742,Dallas,Mavericks,DAL,mavericks,1629023,P.J.,Washington,P. Washington,pj-washington,F,,25,23:32,12,3,2,1,1,0,0,0,0,0,0,0,1,1,1,1,0022400401
0022400401,1610612742,Dallas,Mavericks,DAL,mavericks,1641726,Dereck,Lively II,D. Lively II,dereck-lively-ii,C,,2,16:03,4,10,9,1,2,0,5,10,1,0,1,0,2,2,1,2,0022400401
0022400401,1610612742,Dallas,Mavericks,DAL,mavericks,202681,Kyrie,Irving,K. Irving,kyrie-irving,G,,11,29:10,20,3,2,1,7,0,0,0,0,0,0,0,0,0,0,0,0022400401
0022400401,1610612742,Dallas,Mavericks,DAL,mavericks,1629029,Luka,Dončić,L. Dončić,luka-dončić,G,,77,29:47,27,2,0,2,3,0,0,0,0,1,1,0,0,0,0,0,0022400401
0022400401,1610612742,Dallas,Mavericks,DAL,mavericks,1629656,Quentin,Grimes,Q. Grimes,quentin-grimes,,,5,17:07,5,3,3,0,1,0,0,0,0,0,0,0,0,0,0,0,0022400401
0022400401,1610612742,Dallas,Mavericks,DAL,mavericks,1628467,Maxi,Kleber,M. Kleber,maxi-kleber,,,42,16:01,3,6,4,2,1,0,0,0,0,0,0,1,2,3,1,3,0022400401
0022400401,1610612742,Dallas,Mavericks,DAL,mavericks,203915,Spencer,Dinwiddie,S. Dinwiddie,spencer-dinwiddie,,,26,14:06,3,2,0,2,1,0,0,0,0,0,0,0,0,0,0,0,0022400401
0022400401,1610612742,Dallas,Mavericks,DAL,mavericks,1629655,Daniel,Gafford,D. Gafford,daniel-gafford,,,21,20:51,23,9,8,1,2,0,5,10,0,0,0,2,1,3,1,3,0022400401
0022400401,1610612742,Dallas,Mavericks,DAL,mavericks,1630230,Naji,Marshall,N. Marshall,naji-marshall,,,13,15:36,4,1,0,1,1,0,0,0,0,0,0,0,0,0,0,0,0022400401
0022400401,1610612742,Dallas,Mavericks,DAL,mavericks,1641765,Olivier-Maxence,Prosper,O. Prosper,olivier-maxence-prosper,,,8,10:30,8,2,0,2,0,0,0,0,1,0,1,0,2,2,2,2,0022400401
0022400401,1610612742,Dallas,Mavericks,DAL,mavericks,203939,Dwight,Powell,D. Powell,dwight-powell,,,7,10:30,7,4,4,0,1,0,1,2,1,0,1,0,2,2,0,2,0022400401
0022400401,1610612742,Dallas,Mavericks,DAL,mavericks,1630556,Kessler,Edwards,K. Edwards,kessler-edwards,,,20,9:15,0,2,2,0,0,0,1,2,0,0,0,0,1,1,0,1,0022400401
0022400401,1610612742,Dallas,Mavericks,DAL,mavericks,1641789,Jazian,Gortman,J. Gortman,jazian-gortman,,,00,9:15,3,0,0,0,2,0,0,0,0,0,0,0,0,0,0,0,0022400401
0022400478,1610612755,Philadelphia,76ers,PHI,sixers,1628997,Caleb,Martin,C. Martin,caleb-martin,F,,16,24:51,17,2,1,1,4,0,0,0,0,0,0,0,0,0,0,0,0022400478
0022400478,1610612755,Philadelphia,76ers,PHI,sixers,1627824,Guerschon,Yabusele,G. Yabusele,guerschon-yabusele,F,,28,25:33,3,3,2,1,2,0,1,2,0,0,0,1,2,3,1,3,0022400478
0022400478,1610612755,Philadelphia,76ers,PHI,sixers,203954,Joel,Embiid,J. Embiid,joel-embiid,C,,21,28:58,28,7,6,1,1,0,4,10,0,0,0,1,5,6,5,6,0022400478
0022400478,1610612755,Philadelphia,76ers,PHI,sixers,202331,Paul,George,P. George,paul-george,G,,8,28:58,17,5,1,4,5,0,0,0,0,2,2,0,1,1,0,1,0022400478
0022400478,1610612755,Philadelphia,76ers,PHI,sixers,1630178,Tyrese,Maxey,T. Maxey,tyrese-maxey,G,,0,31:48,18,1,0,1,1,0,0,0,0,0,0,0,4,4,0,4,0022400478
0022400478,1610612755,Philadelphia,76ers,PHI,sixers,200768,Kyle,Lowry,K. Lowry,kyle-lowry,,,7,24:07,5,0,0,0,5,0,0,0,0,0,0,0,1,1,0,1,0022400478
0022400478,1610612755,Philadelphia,76ers,PHI,sixers,202704,Reggie,Jackson,R. Jackson,reggie-jackson,,,00,22:06,8,3,0,3,3,0,1,3,1,0,1,0,0,0,0,0,0022400478
0022400478,1610612755,Philadelphia,76ers,PHI,sixers,1642348,Justin,Edwards,J. Edwards,justin-edwards,,,19,22:52,11,5,1,4,1,0,0,0,0,0,0,0,2,2,1,2,0022400478
0022400478,1610612755,Philadelphia,76ers,PHI,sixers,203083,Andre,Drummond,A. Drummond,andre-drummond,,,1,8:09,6,2,2,0,1,0,0,0,0,0,0,0,2,2,2,2,0022400478
0022400478,1610612755,Philadelphia,76ers,PHI,sixers,1641741,Ricky,Council IV,R. Council IV,ricky-council-iv,,,14,8:51,4,1,0,1,0,0,1,2,0,0,0,0,0,0,0,0,0022400478
0022400478,1610612755,Philadelphia,76ers,PHI,sixers,1641737,Adem,Bona,A. Bona,adem-bona,,,30,6:50,6,2,2,0,0,0,1,2,0,0,0,0,2,2,1,2,0022400478
0022400478,1610612751,Brooklyn,Nets,BKN,nets,1630533,Ziaire,Williams,Z. Williams,ziaire-williams,F,,8,21:37,19,3,3,0,1,0,0,0,0,0,0,0,0,0,0,0,0022400478
0022400478,1610612751,Brooklyn,Nets,BKN,nets,1630592,Jalen,Wilson,J. Wilson,jalen-wilson,F,,22,33:02,11,4,2,2,1,0,0,0,0,0,0,0,1,1,0,1,0022400478
0022400478,1610612751,Brooklyn,Nets,BKN,nets,1629651,Nic,Claxton,N. Claxton,nic-claxton,C,,33,23:24,10,10,6,4,2,0,0,0,0,0,0,0,1,1,0,1,0022400478
0022400478,1610612751,Brooklyn,Nets,BKN,nets,1630553,Keon,Johnson,K. Johnson,keon-johnson,G,,45,36:21,15,2,1,1,2,0,0,0,0,0,0,0,1,1,0,1,0022400478
0022400478,1610612751,Brooklyn,Nets,BKN,nets,1626156,D'Angelo,Russell,D. Russell,dangelo-russell,G,,1,14:08,5,0,0,0,2,0,0,0,0,0,0,0,0,0,0,0,0022400478
0022400478,1610612751,Brooklyn,Nets,BKN,nets,1641730,Noah,Clowney,N. Clowney,noah-clowney,,,21,18:36,3,3,2,1,1,0,0,0,0,0,0,0,1,1,1,1,0022400478
0022400478,1610612751,Brooklyn,Nets,BKN,nets,1641787,Tosan,Evbuomwan,T. Evbuomwan,tosan-evbuomwan,,,12,20:42,3,7,5,2,0,0,0,0,0,0,0,0,1,1,0,1,0022400478
0022400478,1610612751,Brooklyn,Nets,BKN,nets,1631213,Tyrese,Martin,T. Martin,tyrese-martin,,,13,29:14,16,4,1,3,1,0,0,0,0,1,1,0,0,0,0,0,0022400478
0022400478,1610612751,Brooklyn,Nets,BKN,nets,1630549,Day'Ron,Sharpe,D. Sharpe,dayron-sharpe,,,20,25:02,5,5,2,3,2,0,5,12,0,0,0,1,3,4,3,4,0022400478
0022400478,1610612751,Brooklyn,Nets,BKN,nets,1641736,Reece,Beekman,R. Beekman,reece-beekman,,,4,17:55,7,4,1,3,2,0,0,0,0,0,0,0,0,0,0,0,0022400478
0042400121,1610612765,Detroit,Pistons,DET,pistons,202699,Tobias,Harris,T. Harris,tobias-harris,F,,12,39:47,25,6,5,1,0,0,2,5,0,0,0,0,2,2,1,2,0042400121
0042400121,1610612765,Detroit,Pistons,DET,pistons,1641709,Ausar,Thompson,A. Thompson,ausar-thompson,F,,9,22:51,10,1,0,1,3,0,0,0,0,0,0,0,0,0,0,0,0042400121
0042400121,1610612765,Detroit,Pistons,DET,pistons,1631105,Jalen,Duren,J. Duren,jalen-duren,C,,0,24:44,7,9,7,2,2,0,2,5,0,0,0,2,1,3,2,3,0042400121
0042400121,1610612765,Detroit,Pistons,DET,pistons,1630595,Cade,Cunningham,C. Cunningham,cade-cunningham,G,,2,39:06,21,8,4,4,1,0,0,0,1,0,1,0,0,0,0,0,0042400121
0042400121,1610612765,Detroit,Pistons,DET,pistons,203501,Tim,Hardaway Jr.,T. Hardaway Jr.,tim-hardaway-jr,G,,8,27:38,19,2,2,0,1,0,1,3,0,0,0,1,0,1,1,1,0042400121
0042400121,1610612765,Detroit,Pistons,DET,pistons,1627736,Malik,Beasley,M. Beasley,malik-beasley,,,5,34:56,20,1,1,0,1,0,1,3,0,1,1,0,0,0,0,0,0042400121
0042400121,1610612765,Detroit,Pistons,DET,pistons,1630191,Isaiah,Stewart,I. Stewart,isaiah-stewart,,,28,18:52,2,8,7,1,0,0,3,7,0,0,0,0,1,0,0,1,0042400121
0042400121,1610612765,Detroit,Pistons,DET,pistons,203471,Dennis,Schröder,D. Schröder,dennis-schröder,,,17,25:58,8,5,4,1,3,0,3,7,0,0,0,0,0,0,0,0,0042400121
0042400121,1610612765,Detroit,Pistons,DET,pistons,1641842,Ronald,Holland II,R. Holland II,ronald-holland-ii,,,00,6:08,0,0,0,0,0,0,1,3,1,0,1,0,0,0,0,0,0042400121
0042400121,1610612752,New York,Knicks,NYK,knicks,1628384,OG,Anunoby,O. Anunoby,og-anunoby,F,,8,44:07,23,10,6,4,7,0,1,2,0,0,0,0,2,2,1,2,0042400121
0042400121,1610612752,New York,Knicks,NYK,knicks,1628404,Josh,Hart,J. Hart,josh-hart,F,,3,29:33,13,1,1,0,2,0,2,6,0,0,0,0,1,1,0,1,0042400121
0042400121,1610612752,New York,Knicks,NYK,knicks,1626157,Karl-Anthony,Towns,K. Towns,karl-anthony-towns,C,,32,39:12,23,7,6,1,6,0,2,4,0,0,0,0,3,3,1,3,0042400121
0042400121,1610612752,New York,Knicks,NYK,knicks,1628969,Mikal,Bridges,M. Bridges,mikal-bridges,G,,25,28:44,8,8,6,2,3,0,0,0,0,0,0,0,0,0,0,0,0042400121
0042400121,1610612752,New York,Knicks,NYK,knicks,1628973,Jalen,Brunson,J. Brunson,jalen-brunson,G,,11,40:28,34,6,2,4,0,1,0,0,0,0,0,0,0,0,0,0,0042400121
0042400121,1610612752,New York,Knicks,NYK,knicks,1629013,Landry,Shamet,L. Shamet,landry-shamet,,,44,10:13,2,2,0,2,0,0,1,2,0,0,0,0,0,0,0,0,0042400121
0042400121,1610612752,New York,Knicks,NYK,knicks,1629011,Mitchell,Robinson,M. Robinson,mitchell-robinson,,,23,17:53,6,6,4,2,1,0,2,4,0,0,0,0,1,1,1,1,0042400121
0042400121,1610612752,New York,Knicks,NYK,knicks,1630540,Miles,McBride,M. McBride,miles-mcbride,,,2,15:12,0,1,1,0,1,0,1,3,0,1,1,0,0,0,0,0,0042400121
0042400121,1610612752,New York,Knicks,NYK,knicks,1626166,Cameron,Payne,C. Payne,cameron-payne,,,1,14:40,14,0,0,0,2,0,0,0,0,0,0,0,0,0,0,0,0042400121
0022401177,1610612748,Miami,Heat,MIA,heat,203952,Andrew,Wiggins,A. Wiggins,andrew-wiggins,F,,22,24:21,10,2,1,1,2,0,0,0,1,0,1,1,0,1,1,1,0022401177
0022401177,1610612748,Miami,Heat,MIA,heat,1628389,Bam,Adebayo,B. Adebayo,bam-adebayo,F,,13,21:41,23,2,0,2,2,0,1,2,2,1,3,0,1,1,1,1,0022401177
0022401177,1610612748,Miami,Heat,MIA,heat,1642276,Kel'el,Ware,K. Ware,kelel-ware,C,,7,26:24,10,7,6,1,0,0,2,5,0,0,0,0,0,0,0,0,0022401177
0022401177,1610612748,Miami,Heat,MIA,heat,1629639,Tyler,Herro,T. Herro,tyler-herro,G,,14,21:34,22,1,1,0,2,0,0,0,0,0,0,0,0,0,0,0,0022401177
0022401177,1610612748,Miami,Heat,MIA,heat,1630558,Davion,Mitchell,D. Mitchell,davion-mitchell,,,45,22:06,11,3,1,2,2,0,0,0,0,0,0,0,0,0,0,0,0022401177
0022401177,1610612748,Miami,Heat,MIA,heat,1629312,Haywood,Highsmith,H. Highsmith,haywood-highsmith,,,24,19:53,10,3,0,3,2,0,1,2,1,0,1,1,1,1,1,2,0022401177
0022401177,1610612748,Miami,Heat,MIA,heat,1629130,Duncan,Robinson,D. Robinson,duncan-robinson,,,55,19:21,21,1,1,0,0,0,0,0,0,0,0,0,0,0,0,0,0022401177
0022401177,1610612748,Miami,Heat,MIA,heat,203937,Kyle,Anderson,K. Anderson,kyle-anderson,,,20,23:14,9,6,6,0,1,0,1,3,0,0,0,0,1,1,0,1,0022401177
0022401177,1610612748,Miami,Heat,MIA,heat,1631170,Jaime,Jaquez Jr.,J. Jaquez Jr.,jaime-jaquez-jr,,,11,13:49,11,0,0,0,3,0,0,0,1,1,2,1,1,1,1,2,0022401177
0022401177,1610612748,Miami,Heat,MIA,heat,1626179,Terry,Rozier,T. Rozier,terry-rozier,,,2,12:00,2,1,0,1,0,0,0,0,0,0,0,0,0,0,0,0,0022401177
0022401177,1610612748,Miami,Heat,MIA,heat,1642352,Keshad,Johnson,K. Johnson,keshad-johnson,,,16,6:58,10,3,3,0,0,0,1,2,0,0,0,0,0,0,0,0,0022401177
0022401177,1610612748,Miami,Heat,MIA,heat,1630528,Josh,Christopher,J. Christopher,josh-christopher,,,8,6:58,2,0,0,0,1,0,0,0,0,0,0,0,0,0,0,0,0022401177
0022401177,1610612740,New Orleans,Pelicans,NOP,pelicans,1631232,Keion,Brooks Jr.,K. Brooks Jr.,keion-brooks-jr,F,,,36:22,14,7,3,4,1,0,0,0,0,0,0,0,0,0,0,0,0022401177
0022401177,1610612740,New Orleans,Pelicans,NOP,pelicans,1630526,Jeremiah,Robinson-Earl,J. Robinson-Earl,jeremiah-robinson-earl,F,,50,32:59,14,11,7,4,1,0,0,0,0,0,0,0,1,1,1,1,0022401177
0022401177,1610612740,New Orleans,Pelicans,NOP,pelicans,1630283,Kylor,Kelley,K. Kelley,kylor-kelley,C,,35,20:34,5,8,4,4,0,0,2,5,0,0,0,0,0,0,0,0,0022401177
0022401177,1610612740,New Orleans,Pelicans,NOP,pelicans,203901,Elfrid,Payton,E. Payton,elfrid-payton,G,,4,29:17,4,3,2,1,1,0,0,0,0,0,0,0,0,0,0,0,0022401177
0022401177,1610612740,New Orleans,Pelicans,NOP,pelicans,1630631,Jose,Alvarado,J. Alvarado,jose-alvarado,G,,15,22:41,14,0,0,0,1,0,0,0,0,0,0,0,0,0,0,0,0022401177
0022401177,1610612740,New Orleans,Pelicans,NOP,pelicans,1631288,Jamal,Cain,J. Cain,jamal-cain,,,8,34:59,25,3,2,1,3,0,0,0,0,0,0,0,0,0,0,0,0022401177
0022401177,1610612740,New Orleans,Pelicans,NOP,pelicans,1641810,Antonio,Reeves,A. Reeves,antonio-reeves,,,12,34:20,19,3,0,3,2,0,0,0,1,0,1,0,0,0,0,0,0022401177
0022401177,1610612740,New Orleans,Pelicans,NOP,pelicans,1631311,Lester,Quinones,L. Quinones,lester-quinones,,,22,28:49,9,5,5,0,1,0,0,0,0,0,0,0,0,0,0,0,0022401177
0022400289,1610612741,Chicago,Bulls,CHI,bulls,203897,Zach,LaVine,Z. LaVine,zach-lavine,F,,8,31:03,8,3,1,2,1,0,0,0,1,0,1,0,0,0,0,0,0022400289
0022400289,1610612741,Chicago,Bulls,CHI,bulls,1630245,Ayo,Dosunmu,A. Dosunmu,ayo-dosunmu,F,,11,30:41,21,6,3,3,0,0,0,0,0,0,0,0,0,0,0,0,0022400289
0022400289,1610612741,Chicago,Bulls,CHI,bulls,202696,Nikola,Vučević,N. Vučević,nikola-vučević,C,,9,30:08,19,3,3,0,1,0,1,3,0,0,0,0,0,0,0,0,0022400289
0022400289,1610612741,Chicago,Bulls,CHI,bulls,1630581,Josh,Giddey,J. Giddey,josh-giddey,G,,3,23:19,13,9,4,5,3,0,0,0,0,0,0,0,0,0,0,0,0022400289
0022400289,1610612741,Chicago,Bulls,CHI,bulls,1628366,Lonzo,Ball,L. Ball,lonzo-ball,,,2,14:43,6,5,2,3,4,0,0,0,0,0,0,0,0,0,0,0,0022400289
0022400289,1610612741,Chicago,Bulls,CHI,bulls,1641824,Matas,Buzelis,M. Buzelis,matas-buzelis,,,14,25:16,7,8,5,3,1,0,1,2,0,0,0,0,0,0,0,0,0022400289
0022400289,1610612741,Chicago,Bulls,CHI,bulls,1630604,E.J.,Liddell,E. Liddell,ej-liddell,,,32,17:12,5,4,4,0,1,0,3,7,0,0,0,0,2,2,2,2,0022400289
0022400289,1610612741,Chicago,Bulls,CHI,bulls,1631207,Dalen,Terry,D. Terry,dalen-terry,,,25,1:42,0,0,0,0,1,0,0,0,0,0,0,0,0,0,0,0,0022400289
0022400289,1610612741,Chicago,Bulls,CHI,bulls,1641763,Julian,Phillips,J. Phillips,julian-phillips,,,15,17:20,4,2,2,0,1,0,0,0,0,0,0,0,0,0,0,0,0022400289
0022400289,1610612741,Chicago,Bulls,CHI,bulls,1629659,Talen,Horton-Tucker,T. Horton-Tucker,talen-horton-tucker,,,22,13:47,20,1,0,1,0,0,0,0,0,0,0,0,0,0,0,0,0022400289
0022400289,1610612741,Chicago,Bulls,CHI,bulls,1628975,Jevon,Carter,J. Carter,jevon-carter,,,5,4:25,2,1,0,1,0,0,1,2,0,0,0,0,0,0,0,0,0022400289
0022400289,1610612741,Chicago,Bulls,CHI,bulls,1630537,Chris,Duarte,C. Duarte,chris-duarte,,,27,4:25,5,1,0,1,0,0,0,0,0,0,0,0,0,0,0,0,0022400289
0022400289,1610612753,Orlando,Magic,ORL,magic,1630532,Franz,Wagner,F. Wagner,franz-wagner,F,,22,31:04,21,2,0,2,3,0,1,2,1,0,1,0,0,0,0,0,0022400289
0022400289,1610612753,Orlando,Magic,ORL,magic,1628976,Wendell,Carter Jr.,W. Carter Jr.,wendell-carter-jr,F,,34,17:55,4,3,2,1,1,0,1,2,0,0,0,0,0,0,0,0,0022400289
0022400289,1610612753,Orlando,Magic,ORL,magic,1629048,Goga,Bitadze,G. Bitadze,goga-bitadze,C,,35,25:17,11,10,6,4,3,0,3,7,0,1,1,0,1,1,1,1,0022400289
0022400289,1610612753,Orlando,Magic,ORL,magic,203484,Kentavious,Caldwell-Pope,K. Caldwell-Pope,kentavious-caldwell-pope,G,,3,34:09,24,1,0,1,3,0,0,0,0,1,1,0,0,0,0,0,0022400289
0022400289,1610612753,Orlando,Magic,ORL,magic,1630591,Jalen,Suggs,J. Suggs,jalen-suggs,G,,4,31:58,31,2,0,2,0,0,1,2,0,0,0,0,0,0,0,0,0022400289
0022400289,1610612753,Orlando,Magic,ORL,magic,1628371,Jonathan,Isaac,J. Isaac,jonathan-isaac,,,1,22:12,4,4,3,1,1,0,0,0,1,0,1,2,0,2,1,2,0022400289
0022400289,1610612753,Orlando,Magic,ORL,magic,1641710,Anthony,Black,A. Black,anthony-black,,,0,15:18,4,1,1,0,0,0,0,0,0,0,0,0,0,0,0,0,0022400289
0022400289,1610612753,Orlando,Magic,ORL,magic,1641783,Tristan,da Silva,T. da Silva,tristan-da-silva,,,23,19:29,8,2,1,1,1,0,0,0,0,0,0,0,0,0,0,0,0022400289
0022400289,1610612753,Orlando,Magic,ORL,magic,1629021,Moritz,Wagner,M. Wagner,moritz-wagner,,,21,18:18,15,6,0,6,0,0,2,5,0,0,0,1,0,1,1,1,0022400289
0022400289,1610612753,Orlando,Magic,ORL,magic,1630175,Cole,Anthony,C. Anthony,cole-anthony,,,50,11:05,9,4,1,3,0,0,0,0,0,0,0,0,0,0,0,0,0022400289
0022400289,1610612753,Orlando,Magic,ORL,magic,1641724,Jett,Howard,J. Howard,jett-howard,,,13,4:25,0,1,0,1,0,0,0,0,0,0,0,0,0,0,0,0,0022400289
0022400289,1610612753,Orlando,Magic,ORL,magic,202709,Cory,Joseph,C. Joseph,cory-joseph,,,10,4:25,0,0,0,0,0,0,0,0,1,0,1,0,0,0,0,0,0022400289
0022400289,1610612753,Orlando,Magic,ORL,magic,1631216,Caleb,Houstan,C. Houstan,caleb-houstan,,,2,4:25,2,1,0,1,0,0,1,2,0,0,0,0,0,0,0,0,0022400289
0022401184,1610612746,LA,Clippers,LAC,clippers,1626181,Norman,Powell,N. Powell,norman-powell,F,,24,35:57,16,1,0,1,1,0,0,0,0,0,0,0,0,0,0,0,0022401184
0022401184,1610612746,LA,Clippers,LAC,clippers,202695,Kawhi,Leonard,K. Leonard,kawhi-leonard,F,,2,42:20,28,4,1,3,4,0,0,0,0,0,0,0,1,1,1,1,0022401184
0022401184,1610612746,LA,Clippers,LAC,clippers,1627826,Ivica,Zubac,I. Zubac,ivica-zubac,C,,40,35:47,17,14,13,1,0,0,6,12,0,0,0,1,1,2,1,2,0022401184
0022401184,1610612746,LA,Clippers,LAC,clippers,1627739,Kris,Dunn,K. Dunn,kris-dunn,G,,8,22:22,4,3,2,1,0,0,2,5,0,0,0,0,1,1,0,1,0022401184
0022401184,1610612746,LA,Clippers,LAC,clippers,201935,James,Harden,J. Harden,james-harden,G,,1,42:36,23,3,1,2,2,0,0,0,0,1,1,0,0,0,0,0,0022401184
0022401184,1610612746,LA,Clippers,LAC,clippers,1627884,Derrick,Jones Jr.,D. Jones Jr.,derrick-jones-jr,,,55,25:18,11,2,1,1,3,0,0,0,0,0,0,0,1,1,0,1,0022401184
0022401184,1610612746,LA,Clippers,LAC,clippers,203992,Bogdan,Bogdanović,B. Bogdanović,bogdan-bogdanović,,,10,21:24,2,3,1,2,0,0,0,0,0,0,0,0,0,0,0,0,0022401184
0022401184,1610612746,LA,Clippers,LAC,clippers,1629234,Drew,Eubanks,D. Eubanks,drew-eubanks,,,15,1:57,0,0,0,0,0,0,1,3,0,0,0,0,0,0,0,0,0022401184
0022401184,1610612746,LA,Clippers,LAC,clippers,1627732,Ben,Simmons,B. Simmons,ben-simmons,,,25,12:20,0,4,3,1,1,0,1,2,0,0,0,0,0,0,0,0,0022401184
0022401184,1610612758,Sacramento,Kings,SAC,kings,201942,DeMar,DeRozan,D. DeRozan,demar-derozan,F,,10,40:04,16,4,0,4,3,0,1,2,0,0,0,0,0,0,0,0,0022401184
0022401184,1610612758,Sacramento,Kings,SAC,kings,1631099,Keegan,Murray,K. Murray,keegan-murray,F,,13,31:54,9,2,1,1,4,0,0,0,0,1,1,0,0,0,0,0,0022401184
0022401184,1610612758,Sacramento,Kings,SAC,kings,1627734,Domantas,Sabonis,D. Sabonis,domantas-sabonis,C,,11,39:14,19,5,5,0,1,0,4,9,0,0,0,1,2,3,1,3,0022401184
0022401184,1610612758,Sacramento,Kings,SAC,kings,203897,Zach,LaVine,Z. LaVine,zach-lavine,G,,8,40:54,26,5,3,2,0,0,0,0,2,0,2,0,0,0,0,0,0022401184
0022401184,1610612758,Sacramento,Kings,SAC,kings,1631165,Keon,Ellis,K. Ellis,keon-ellis,G,,23,32:28,5,2,1,1,3,0,0,0,1,0,1,0,0,0,0,0,0022401184
0022401184,1610612758,Sacramento,Kings,SAC,kings,1626168,Trey,Lyles,T. Lyles,trey-lyles,,,41,29:41,9,4,2,2,2,0,0,0,1,0,1,0,0,0,0,0,0022401184
0022401184,1610612758,Sacramento,Kings,SAC,kings,202685,Jonas,Valančiūnas,J. Valančiūnas,jonas-valančiūnas,,,17,10:11,9,2,2,0,0,0,1,2,0,0,0,0,0,0,0,0,0022401184
0022401184,1610612758,Sacramento,Kings,SAC,kings,1642269,Devin,Carter,D. Carter,devin-carter,,,22,15:34,7,1,0,1,1,0,0,0,0,2,2,0,0,0,0,0,0022401184
0022401175,1610612739,Cleveland,Cavaliers,CLE,cavaliers,1630596,Evan,Mobley,E. Mobley,evan-mobley,F,,4,35:09,16,8,4,4,2,0,0,0,0,1,1,0,3,3,1,3,0022401175
0022401175,1610612739,Cleveland,Cavaliers,CLE,cavaliers,1629731,Dean,Wade,D. Wade,dean-wade,F,,32,26:42,1,4,3,1,5,0,0,0,0,0,0,0,1,1,0,1,0022401175
0022401175,1610612739,Cleveland,Cavaliers,CLE,cavaliers,1628386,Jarrett,Allen,J. Allen,jarrett-allen,C,,31,32:50,11,10,8,2,5,0,5,10,0,1,1,0,4,4,3,4,0022401175
0022401175,1610612739,Cleveland,Cavaliers,CLE,cavaliers,1629636,Darius,Garland,D. Garland,darius-garland,G,,10,32:49,26,2,2,0,3,0,0,0,2,0,2,0,0,0,0,0,0022401175
0022401175,1610612739,Cleveland,Cavaliers,CLE,cavaliers,1629622,Max,Strus,M. Strus,max-strus,G,,1,34:51,19,4,2,2,2,0,2,4,0,0,0,0,1,1,1,1,0022401175
0022401175,1610612739,Cleveland,Cavaliers,CLE,cavaliers,1641854,Craig,Porter Jr.,C. Porter Jr.,craig-porter-jr,,,9,21:10,11,5,2,3,3,0,0,0,1,0,1,0,0,0,0,0,0022401175
0022401175,1610612739,Cleveland,Cavaliers,CLE,cavaliers,1630171,Isaac,Okoro,I. Okoro,isaac-okoro,,,35,27:26,15,2,1,1,1,0,0,0,1,0,1,0,1,1,0,1,0022401175
0022401175,1610612739,Cleveland,Cavaliers,CLE,cavaliers,1642281,Jaylon,Tyson,J. Tyson,jaylon-tyson,,,24,21:48,7,7,2,5,1,0,1,3,0,0,0,1,3,4,4,4,0022401175
0022401175,1610612752,New York,Knicks,NYK,knicks,1628384,OG,Anunoby,O. Anunoby,og-anunoby,F,,8,34:47,15,6,3,3,7,0,1,3,1,1,2,0,1,1,1,1,0022401175
0022401175,1610612752,New York,Knicks,NYK,knicks,1628404,Josh,Hart,J. Hart,josh-hart,F,,3,34:29,8,2,1,1,3,0,0,0,1,1,2,0,2,2,2,2,0022401175
0022401175,1610612752,New York,Knicks,NYK,knicks,1629011,Mitchell,Robinson,M. Robinson,mitchell-robinson,C,,23,32:48,8,7,5,2,5,0,6,14,1,1,2,3,2,5,4,5,0022401175
0022401175,1610612752,New York,Knicks,NYK,knicks,1628969,Mikal,Bridges,M. Bridges,mikal-bridges,G,,25,36:24,17,3,1,2,4,0,0,0,4,0,4,0,0,0,0,0,0022401175
0022401175,1610612752,New York,Knicks,NYK,knicks,1628973,Jalen,Brunson,J. Brunson,jalen-brunson,G,,11,36:17,27,2,0,2,4,0,0,0,0,0,0,0,0,0,0,0,0022401175
0022401175,1610612752,New York,Knicks,NYK,knicks,1630540,Miles,McBride,M. McBride,miles-mcbride,,,2,17:33,12,1,1,0,3,0,0,0,0,0,0,0,0,0,0,0,0022401175
0022401175,1610612752,New York,Knicks,NYK,knicks,1629013,Landry,Shamet,L. Shamet,landry-shamet,,,44,20:47,15,3,1,2,3,0,0,0,1,1,2,0,0,0,0,0,0022401175
0022401175,1610612752,New York,Knicks,NYK,knicks,1626166,Cameron,Payne,C. Payne,cameron-payne,,,1,11:43,0,0,0,0,3,0,0,0,0,0,0,0,0,0,0,0,0022401175
0022401175,1610612752,New York,Knicks,NYK,knicks,1630173,Precious,Achiuwa,P. Achiuwa,precious-achiuwa,,,5,15:12,0,3,2,1,3,0,1,3,1,1,2,0,0,0,0,0,0022401175
0022401200,1610612756,Phoenix,Suns,PHX,suns,1628960,Grayson,Allen,G. Allen,grayson-allen,F,,8,27:42,20,3,2,1,1,0,0,0,0,0,0,0,1,1,0,1,0022401200
0022401200,1610612756,Phoenix,Suns,PHX,suns,1642346,Ryan,Dunn,R. Dunn,ryan-dunn,F,,0,29:46,12,6,3,3,2,0,1,3,1,0,1,0,0,0,0,0,0022401200
0022401200,1610612756,Phoenix,Suns,PHX,suns,203486,Mason,Plumlee,M. Plumlee,mason-plumlee,C,,22,21:59,4,3,3,0,1,0,1,3,0,0,0,0,0,0,0,0,0022401200
0022401200,1610612756,Phoenix,Suns,PHX,suns,1631221,Collin,Gillespie,C. Gillespie,collin-gillespie,G,,12,28:13,12,3,1,2,5,1,0,0,0,1,1,0,0,0,0,0,0022401200
0022401200,1610612756,Phoenix,Suns,PHX,suns,1626145,Tyus,Jones,T. Jones,tyus-jones,G,,21,25:55,17,1,0,1,1,0,0,0,0,1,1,0,0,0,0,0,0022401200
0022401200,1610612756,Phoenix,Suns,PHX,suns,1642345,Oso,Ighodaro,O. Ighodaro,oso-ighodaro,,,4,26:01,10,2,1,1,2,0,7,14,0,0,0,0,0,0,0,0,0022401200
0022401200,1610612756,Phoenix,Suns,PHX,suns,1626220,Royce,O'Neale,R. O'Neale,royce-oneale,,,00,21:05,5,1,0,1,4,0,0,0,0,1,1,0,0,0,0,0,0022401200
0022401200,1610612756,Phoenix,Suns,PHX,suns,1628998,Cody,Martin,C. Martin,cody-martin,,,17,12:25,2,2,1,1,1,0,0,0,0,0,0,0,0,0,0,0,0022401200
0022401200,1610612756,Phoenix,Suns,PHX,suns,1628420,Monté,Morris,M. Morris,monté-morris,,,23,21:02,8,1,0,1,1,0,1,2,0,0,0,0,0,0,0,0,0022401200
0022401200,1610612756,Phoenix,Suns,PHX,suns,1631102,TyTy,Washington Jr.,T. Washington Jr.,tyty-washington-jr,,,14,12:59,2,2,1,1,0,0,0,0,0,0,0,0,1,0,0,1,0022401200
0022401200,1610612756,Phoenix,Suns,PHX,suns,1627814,Damion,Lee,D. Lee,damion-lee,,,10,5:33,4,1,0,1,0,0,0,0,0,0,0,0,0,0,0,0,0022401200
0022401200,1610612756,Phoenix,Suns,PHX,suns,1629626,Bol,Bol,B. Bol,bol-bol,,,11,4:34,0,1,1,0,0,0,0,0,0,0,0,0,0,0,0,0,0022401200
0022401200,1610612756,Phoenix,Suns,PHX,suns,1641779,Jalen,Bridges,J. Bridges,jalen-bridges,,,15,2:46,2,0,0,0,1,0,0,0,0,0,0,0,0,0,0,0,0022401200
0022401200,1610612758,Sacramento,Kings,SAC,kings,201942,DeMar,DeRozan,D. DeRozan,demar-derozan,F,,10,27:33,8,3,0,3,0,0,0,0,1,0,1,0,0,0,0,0,0022401200
0022401200,1610612758,Sacramento,Kings,SAC,kings,1631099,Keegan,Murray,K. Murray,keegan-murray,F,,13,22:43,6,4,0,4,1,0,0,0,1,1,2,0,0,0,0,0,0022401200
0022401200,1610612758,Sacramento,Kings,SAC,kings,1627734,Domantas,Sabonis,D. Sabonis,domantas-sabonis,C,,11,23:43,20,4,2,2,2,0,5,13,2,0,2,0,0,0,0,0,0022401200
0022401200,1610612758,Sacramento,Kings,SAC,kings,203897,Zach,LaVine,Z. LaVine,zach-lavine,G,,8,26:34,16,1,0,1,1,0,0,0,1,0,1,0,0,0,0,0,0022401200
0022401200,1610612758,Sacramento,Kings,SAC,kings,1631165,Keon,Ellis,K. Ellis,keon-ellis,G,,23,28:45,9,6,2,4,6,0,0,0,0,1,1,0,0,0,0,0,0022401200
0022401200,1610612758,Sacramento,Kings,SAC,kings,202685,Jonas,Valančiūnas,J. Valančiūnas,jonas-valančiūnas,,,17,20:58,22,4,4,0,0,0,3,7,0,0,0,2,0,2,2,2,0022401200
0022401200,1610612758,Sacramento,Kings,SAC,kings,1626168,Trey,Lyles,T. Lyles,trey-lyles,,,41,24:45,11,5,1,4,0,0,1,3,0,1,1,0,0,0,0,0,0022401200
0022401200,1610612758,Sacramento,Kings,SAC,kings,1642269,Devin,Carter,D. Carter,devin-carter,,,22,22:30,5,1,1,0,3,0,0,0,0,0,0,0,0,0,0,0,0022401200
0022401200,1610612758,Sacramento,Kings,SAC,kings,203926,Doug,McDermott,D. McDermott,doug-mcdermott,,,7,14:43,6,1,1,0,0,0,0,0,0,0,0,0,0,0,0,0,0022401200
0022401200,1610612758,Sacramento,Kings,SAC,kings,1628365,Markelle,Fultz,M. Fultz,markelle-fultz,,,20,12:00,4,2,1,1,2,0,0,0,0,1,1,0,0,0,0,0,0022401200
0022401200,1610612758,Sacramento,Kings,SAC,kings,1642403,Isaac,Jones,I. Jones,isaac-jones,,,3,7:53,2,2,2,0,1,0,0,0,0,0,0,0,0,0,0,0,0022401200
0022401200,1610612758,Sacramento,Kings,SAC,kings,1629056,Terence,Davis,T. Davis,terence-davis,,,3,7:53,0,1,0,1,0,0,0,0,0,0,0,0,0,0,0,0,0022401200
